{"cameraMode":{"drawMode":2,"name":"Shaded Wireframe","section":"Shading Mode"},"sceneLighting":true,"audioPlay":false,"sceneViewState":{"showFog":false,"showMaterialUpdate":false,"showSkybox":false,"showFlares":false,"showImageEffects":false,"showParticleSystems":false},"in2DMode":false,"pivot":{"x":644.3916625976563,"y":649.32080078125,"z":452.05511474609377},"rotation":{"x":-0.13025310635566712,"y":0.05261911079287529,"z":-0.006922589149326086,"w":-0.9900597929954529},"size":1229.603271484375,"orthographic":false}